{
  "accuracy": 0.9217105263157894,
  "report": {
    "World": {
      "precision": 0.9321120689655172,
      "recall": 0.9105263157894737,
      "f1-score": 0.9211927582534611,
      "support": 1900.0
    },
    "Sports": {
      "precision": 0.9569672131147541,
      "recall": 0.9831578947368421,
      "f1-score": 0.9698857736240913,
      "support": 1900.0
    },
    "Business": {
      "precision": 0.8964968152866242,
      "recall": 0.8889473684210526,
      "f1-score": 0.892706131078224,
      "support": 1900.0
    },
    "Sci/Tech": {
      "precision": 0.90041928721174,
      "recall": 0.9042105263157895,
      "f1-score": 0.9023109243697479,
      "support": 1900.0
    },
    "accuracy": 0.9217105263157894,
    "macro avg": {
      "precision": 0.9214988461446589,
      "recall": 0.9217105263157895,
      "f1-score": 0.921523896831381,
      "support": 7600.0
    },
    "weighted avg": {
      "precision": 0.9214988461446588,
      "recall": 0.9217105263157894,
      "f1-score": 0.9215238968313811,
      "support": 7600.0
    }
  }
}